{
  "project_info": {
    "project_number": "1061670535799",
    "firebase_url": "https://potvot-bb903.firebaseio.com",
    "project_id": "potvot-bb903",
    "storage_bucket": "potvot-bb903.appspot.com"
  },
  "client": [
    {
      "client_info": {
        "mobilesdk_app_id": "1:1061670535799:android:02705994d5449aa6",
        "android_client_info": {
          "package_name": "com.example.gest_infos.gestioninformation"
        }
      },
      "oauth_client": [
        {
          "client_id": "1061670535799-0uqi05qgjfv7fuu90vhmld1a9vgjphp3.apps.googleusercontent.com",
          "client_type": 1,
          "android_info": {
            "package_name": "com.example.gest_infos.gestioninformation",
            "certificate_hash": "f4aaed26beede93bfc42e06f51ad71bbc0585ab9"
          }
        },
        {
          "client_id": "1061670535799-2nof315l72r39t4ojdnsnd97bf9a28o0.apps.googleusercontent.com",
          "client_type": 3
        }
      ],
      "api_key": [
        {
          "current_key": "AIzaSyDj0QXukConnaYGEOAtPrDte7xiFAxRd80"
        }
      ],
      "services": {
        "analytics_service": {
          "status": 1
        },
        "appinvite_service": {
          "status": 2,
          "other_platform_oauth_client": [
            {
              "client_id": "1061670535799-2nof315l72r39t4ojdnsnd97bf9a28o0.apps.googleusercontent.com",
              "client_type": 3
            }
          ]
        },
        "ads_service": {
          "status": 2
        }
      }
    }
  ],
  "configuration_version": "1"
}